STABBR,UNITID,CITY,ZIP,ADM_RATE,UGDS,TUITIONFEE_IN,MN_EARN_WNE_P10
MD,161651,Gaithersburg,20877,,25.0,,
MD,161688,Cumberland,21502-2596,,1990.0,3940.0,
MD,161767,Arnold,21012-1895,,11294.0,4646.0,
MD,161776,Towson,21286-2201,,309.0,,
MD,161800,Hagerstown,21740-5610,,157.0,,
MD,161855,Baltimore,21201-3444,,46.0,,
MD,161864,Baltimore,21215-7893,,3797.0,3074.0,
MD,161873,Baltimore,21201-5720,0.8099,2856.0,8824.0,
MD,162007,Bowie,20715-9465,0.36,5107.0,8064.0,
MD,162061,Laurel,20708,0.7473,421.0,24788.0,
MD,162104,North East,21901-1900,,2112.0,4005.0,
MD,162122,La Plata,20646-0910,,6699.0,3690.0,
MD,162168,Wye Mills,21679-0008,,1744.0,3818.0,
MD,162210,Takoma Park,20912,0.6139,750.0,23400.0,
MD,162283,Baltimore,21216-3698,0.3651,2459.0,7474.0,
MD,162335,Salisbury,21804-6952,,51.0,,
MD,162371,Baltimore,21244,,448.0,,
MD,162557,Frederick,21702-2964,,4830.0,3520.0,
MD,162584,Frostburg,21532-1099,0.7229,4486.0,8914.0,
MD,162609,McHenry,21541,,532.0,3948.0,
MD,162654,Baltimore,21204-2794,0.7884,1526.0,43440.0,
MD,162681,Hagerstown,21742,,470.0,14263.0,
MD,162690,Hagerstown,21742-6514,,3181.0,3616.0,
MD,162706,Bel Air,21015-1698,,5018.0,3643.0,
MD,162760,Frederick,21701,0.8113,1108.0,37960.0,
MD,162779,Columbia,21044-3197,,8943.0,3888.0,
MD,162830,Bel Air,21014-3639,,37.0,,
MD,162928,Baltimore,21218-2688,0.1254,5663.0,52170.0,
MD,163028,Columbia,21046,,569.0,,
MD,163046,Baltimore,21210-2699,0.7528,3903.0,47560.0,
MD,163204,Adelphi,20783-8010,,42289.0,7296.0,
MD,163259,Baltimore,21201-1627,,918.0,,
MD,163268,Baltimore,21250,0.6021,11130.0,11518.0,
MD,163286,College Park,20742,0.445,29273.0,10399.0,
MD,163295,Baltimore,21217-4134,0.6161,1743.0,46990.0,
MD,163338,Princess Anne,21853-1299,0.3901,2799.0,8042.0,
MD,163347,Towson,21204-9840,,412.0,,
MD,163408,Silver Spring,20901,,120.0,,
MD,163426,Rockville,20850,,18915.0,4974.0,
MD,163453,Baltimore,21251-0001,0.6372,6426.0,7766.0,
MD,163462,Emmitsburg,21727-7799,0.6423,1785.0,40550.0,
MD,163532,Baltimore,21208,0.6418,265.0,11900.0,
MD,163541,New Carrollton,20784,,447.0,,
MD,163578,Baltimore,21210-2476,0.714,808.0,36070.0,
MD,163657,Largo,20774-2199,,10743.0,3770.0,
MD,163736,Baltimore,21227-1063,,452.0,,
MD,163754,Timonium,21093,,26.0,,
MD,163815,Baltimore,21224,,80.0,,
MD,163851,Salisbury,21801-6862,0.6502,7552.0,9582.0,
MD,163912,St. Mary's City,20686,0.8242,1519.0,14496.0,
MD,163976,Annapolis,21401,0.5445,458.0,51795.0,
MD,164058,Beltsville,20705,,529.0,,
MD,164076,Towson,21252-0001,0.773,19367.0,9694.0,
MD,164085,Laurel,20723,,,,
MD,164155,Annapolis,21402-5000,0.0844,4495.0,,
MD,164173,Stevenson,21153-0641,0.6087,3375.0,35490.0,
MD,164216,Chestertown,21620-1438,0.5871,1449.0,44820.0,
MD,164270,Westminster,21157,0.85,1559.0,41800.0,
MD,164313,Salisbury,21804-7131,,2652.0,3000.0,
MD,212452,Baltimore,21212-2624,1.0,66.0,5870.0,
MD,366438,California,20619,,72.0,,
MD,373784,Baltimore,21224,,561.0,,
MD,405872,Westminster,21157,,2559.0,3907.0,
MD,430184,Suitland,20746,,2286.0,13857.0,
MD,434308,Linthicum,21090,,458.0,,
MD,434672,Baltimore,21237,,17614.0,4022.0,
MD,434937,Silver  Spring,20902,,25.0,10000.0,
MD,434973,Columbia,21045-5423,,29.0,,
MD,436030,Hillcrest Heights,20748-1401,,234.0,,
MD,444291,Owings Mills,21117,,93.0,,
MD,446394,Capitol Heights,20743,,36.0,,
MD,447971,Rockville,20852,,103.0,,
MD,450076,Baltimore,21244,,87.0,,
MD,451909,Landover,20785-2223,,550.0,14335.0,
MD,455017,Frederick,21701,,23.0,,
MD,455026,Rockville,20852,,103.0,,
MD,455901,Frederick,21701,,183.0,,
MD,461379,Baltimore,21218,,59.0,,
MD,476601,Baltimore,21209-1613,1.0,76.0,12700.0,
MD,480310,Glen Burnie,21061,,112.0,,
MD,480693,Silver Spring,20906-4503,,95.0,,
MD,480994,Laurel,20724,,59.0,,
MD,481207,Hunt Valley,21031-1408,,83.0,15150.0,
MD,482103,FREDERICK,21703-3030,,32.0,,
MD,487676,Annapolis,21401-3833,,176.0,,
MD,12697901,Landover,207852414,,,,
MD,16210401,Elkton,219215535,,,4005.0,
MD,43018401,Rockville,20850,,,13857.0,
MD,43018402,Millersville,21108,,,13857.0,
MD,43018403,Baltimore,21236,,,13857.0,
MD,43018404,Owings Mills,21117,,,13857.0,
DC,131159,Washington,20016-8001,0.294,7433.0,46615.0,
DC,131283,Washington,20064,0.8258,3284.0,44060.0,
DC,131399,Washington,20008,,3606.0,5756.0,
DC,131405,Washington,20017-1585,,,,
DC,131450,Washington,20002-3695,0.5901,1111.0,16558.0,
DC,131469,Washington,20052,0.4098,11718.0,53518.0,
DC,131496,Washington,20057-0001,0.1568,7128.0,52300.0,
DC,131520,Washington,20059-0001,0.4142,6276.0,25697.0,
DC,131803,Washington,20005,,687.0,13857.0,
DC,131830,Washington,20007,1.0,32.0,9900.0,
DC,131876,Washington,20017-1094,0.9228,1498.0,23690.0,
DC,131973,Washington,20016-5690,,,,
DC,363721,Washington,20008,,,,
DC,384412,Washington,20005,,65.0,13884.0,
DC,420370,Washington,20005,,387.0,,
DC,439473,Washington,20017,,312.0,,
DC,444893,Washington,20006-5540,,172.0,,
DC,450483,Washington,20001-1431,,70.0,9960.0,
DC,455804,Washington,20036,,,,
DC,455813,Washington,20064,,,,
DC,459745,Washington,20005,,,,
DC,459994,Washington,20005,,5543.0,13857.0,
DC,13180301,Washington,20012,,,13857.0,
DC,47503313,Washington,20002,,,,
PA,210474,Hazleton,18201,,61.0,,
PA,210492,Bryn Athyn,19009-0711,0.8755,323.0,21126.0,
PA,210508,Philadelphia,19103-6685,,,,
PA,210571,Reading,19612-5234,0.5004,1999.0,43454.0,
PA,210599,Essington,19029,,306.0,,
PA,210605,Pittsburgh,15233-1895,,14804.0,4198.0,
PA,210669,Meadville,16335-3902,0.6789,1764.0,45970.0,
PA,210711,Allentown,18109-1629,,28.0,,
PA,210739,Center Valley,18034-9568,0.7379,2291.0,35900.0,
PA,210748,Altoona,16602-6039,,53.0,,
PA,210775,Reading,19607-1799,0.7081,2231.0,33640.0,
PA,210784,Ambler,19002,,115.0,,
PA,210809,King of Prussia,19406,,8354.0,,
PA,210890,Erdenheim,19038-8242,,71.0,19890.0,
PA,210942,Philadelphia,19103-5198,,842.0,17914.0,
PA,210951,Lower Burrell,15068,,130.0,,
PA,210960,Pittsburgh,15222,,431.0,17626.0,
PA,211006,Exton,19341-1310,,304.0,,
PA,211024,South Abington Township,18411-1250,0.5508,498.0,23890.0,
PA,211079,Monaca,15061-2588,,1768.0,5880.0,
PA,211088,Glenside,19038-3295,0.6229,2233.0,42330.0,
PA,211130,Philadelphia,19123,,,,
PA,211149,Pittsburgh,15233,0.8529,141.0,,
PA,211158,Bloomsburg,17815,0.7325,8276.0,10500.0,
PA,211200,Pittsburgh,15219,0.9054,352.0,15380.0,
PA,211273,Bryn Mawr,19010,0.3801,1328.0,50500.0,
PA,211291,Lewisburg,17837,0.3108,3588.0,53986.0,
PA,211307,Newtown,18940-4106,,7257.0,4418.0,
PA,211316,Feasterville,19053-7368,,72.0,,
PA,211334,Butler,16001,,20.0,,
PA,211343,Butler,16002,,2803.0,4800.0,
PA,211352,Radnor,19087-3698,0.7321,1536.0,31350.0,
PA,211361,California,15419-1394,0.961,5435.0,10840.0,
PA,211431,Pittsburgh,15213-3165,0.9164,1339.0,28596.0,
PA,211440,Pittsburgh,15213-3890,0.222,6434.0,53910.0,
PA,211468,Allentown,18104-6196,0.6333,1413.0,38092.0,
PA,211477,Summerdale,17093-0309,0.789,1188.0,18174.0,
PA,211556,Pittsburgh,15232,0.5455,981.0,36510.0,
PA,211583,Philadelphia,19118-2693,0.9572,1317.0,35180.0,
PA,211608,Cheyney,19319-0200,,722.0,12104.0,
PA,211617,Philadelphia,19154,,586.0,,
PA,211635,Tarentum,15084,0.0,158.0,,
PA,211644,Clarion,16214,0.9549,4214.0,10890.0,
PA,211802,Johnstown,15905-4398,0.8913,228.0,,
PA,211820,York,17404,,114.0,,
PA,211893,Philadelphia,19103,0.033,131.0,2675.0,
PA,211909,Pittsburgh,15226-1197,,151.0,14550.0,
PA,211927,Media,19063-1094,,11030.0,5291.0,
PA,211981,Doylestown,18901-2697,0.664,1908.0,38000.0,
PA,212009,Carlisle,17013-2896,0.4871,2339.0,52955.0,
PA,212018,Carlisle,17013-2861,,,,
PA,212045,Monessen,15062,,229.0,16029.0,
PA,212054,Philadelphia,19104,0.7904,15335.0,52002.0,
PA,212106,Pittsburgh,15282,0.717,5930.0,36394.0,
PA,212115,East Stroudsburg,18301-2999,0.8356,5972.0,10098.0,
PA,212133,Saint Davids,19087-3696,0.6561,1837.0,32145.0,
PA,212160,Edinboro,16444-0001,0.9253,4229.0,10282.0,
PA,212197,Elizabethtown,17022-2298,0.7402,1647.0,45350.0,
PA,212230,Lebanon,17042,,41.0,,
PA,212267,York,17402,,84.0,,
PA,212276,Lancaster,17603,,78.0,,
PA,212294,Shamokin Dam,17876,,46.0,,
PA,212300,Pottsville,17901,,52.0,,
PA,212328,Whitehall,18052,,103.0,,
PA,212355,Moosic,18507,,141.0,,
PA,212373,Warminster,18974,,28.0,,
PA,212382,Harrisburg,17109,,123.0,,
PA,212391,Reading,19605,,119.0,,
PA,212434,Erie,16565,,295.0,13770.0,
PA,212443,Myerstown,17067-1222,,,,
PA,212568,Trevose,19053-6939,,200.0,18585.0,
PA,212577,Lancaster,17604-3003,0.3411,2269.0,54380.0,
PA,212601,Erie,16541-0001,0.799,2616.0,30932.0,
PA,212656,Beaver Falls,15010-3599,0.6901,1330.0,26070.0,
PA,212674,Gettysburg,17325,0.458,2411.0,52640.0,
PA,212753,Philadelphia,19154,,144.0,,
PA,212771,Melrose Park,19027-3010,,47.0,,
PA,212805,Grove City,16127-2104,0.7987,2327.0,17254.0,
PA,212832,Gwynedd Valley,19437-0901,0.9377,1987.0,33600.0,
PA,212869,Bryn Mawr,19010-3470,,1436.0,23670.0,
PA,212878,Harrisburg,17110-2999,,15968.0,6473.0,
PA,212911,Haverford,19041-1392,0.2005,1291.0,52994.0,
PA,212975,Johnstown,15905-3092,,183.0,16836.0,
PA,212984,Philadelphia,19114-2009,0.7075,1904.0,30346.0,
PA,212993,Philadelphia,19130,0.6939,52.0,19650.0,
PA,213002,Pittsburgh,15222,,250.0,,
PA,213011,Immaculata,19345,0.8294,1383.0,27350.0,
PA,213020,Indiana,15705-1098,0.9082,9965.0,12119.0,
PA,213163,New Castle,16105,,46.0,10781.0,
PA,213181,Erie,16509-2482,0.7593,396.0,,
PA,213215,Wilkes Barre,18702,,169.0,,
PA,213233,Scranton,18508-1495,0.9644,446.0,18567.0,
PA,213251,Huntingdon,16652-2196,0.7077,1371.0,43875.0,
PA,213303,La Plume,18440-0200,0.944,1274.0,26670.0,
PA,213321,Wilkes-Barre,18711-0801,0.7092,2065.0,35830.0,
PA,213330,Kittanning,16201,,8.0,,
PA,213349,Kutztown,19530-0730,0.8314,7443.0,9987.0,
PA,213358,Pittsburgh,15237-5898,0.9657,1312.0,27720.0,
PA,213367,Philadelphia,19141-1199,0.7927,3708.0,29500.0,
PA,213376,Scranton,18509-3206,,1506.0,15160.0,
PA,213385,Easton,18042-1768,0.3081,2567.0,51600.0,
PA,213400,Lancaster,17601-5036,0.7181,1504.0,22580.0,
PA,213446,Lancaster,17603-2897,,,,
PA,213455,Lancaster,17602,,185.0,,
PA,213473,North Wales,19454-4114,,163.0,10800.0,
PA,213491,Lansdale,19446-2003,,53.0,,
PA,213507,Annville,17003-1400,0.73,1658.0,42180.0,
PA,213525,Schnecksville,18078-2598,,5588.0,3990.0,
PA,213534,Wyomissing,19610-1168,,724.0,11260.0,
PA,213543,Bethlehem,18015,0.2515,5057.0,50740.0,
PA,213552,Levittown,19054,,91.0,,
PA,213570,Allentown,18104-9889,,444.0,,
PA,213589,Philadelphia,19136,,246.0,,
PA,213598,Lincoln University,19352-0999,0.7968,1994.0,11379.0,
PA,213613,Lock Haven,17745-2390,0.8904,3425.0,10576.0,
PA,213622,Pittsburgh,15238-3250,0.5714,92.0,15315.0,
PA,213631,Gettysburg,17325-1795,,,,
PA,213659,Nanticoke,18634-3899,,4758.0,5160.0,
PA,213668,Williamsport,17701-5192,0.6403,1192.0,38618.0,
PA,213774,Jenkintown,19046-3399,0.9255,602.0,17029.0,
PA,213783,Mansfield,16933,0.8919,1770.0,12316.0,
PA,213826,Scranton,18509-1598,0.7512,1835.0,33940.0,
PA,213871,Hazle Township,18202,,168.0,11292.0,
PA,213914,Pittsburgh,15222-3400,,343.0,14980.0,
PA,213932,Philadelphia,19128,,142.0,,
PA,213987,Erie,16546,0.6992,2448.0,36320.0,
PA,213996,Mechanicsburg,17055,0.7701,2670.0,34160.0,
PA,214023,Philadelphia,19140-2302,1.0,21.0,12097.0,
PA,214041,Millersville,17551-0302,0.7949,6613.0,11858.0,
PA,214069,Dallas,18612-1098,0.7879,2100.0,31660.0,
PA,214111,Blue Bell,19422-0796,,8948.0,5730.0,
PA,214148,Philadelphia,19103-1179,0.5407,373.0,39833.0,
PA,214157,Bethlehem,18018-6650,0.7597,2007.0,42024.0,
PA,214166,Cresson,16630-1999,0.9107,1185.0,22430.0,
PA,214175,Allentown,18104,0.4836,2329.0,50830.0,
PA,214254,Philadelphia,19104,,421.0,,
PA,214272,Aston,19014-1298,0.9628,1997.0,30050.0,
PA,214290,New Castle,16101,1.0,763.0,,
PA,214379,Bethlehem,18020-7599,,9203.0,4230.0,
PA,214476,McKees Rocks,15136,0.8,76.0,16300.0,
PA,214528,Philadelphia,19114-1014,0.5728,289.0,,
PA,214564,Elkins Park,19027-6262,,,,
PA,214582,Media,19063-4098,,447.0,13230.0,
PA,214591,Erie,16563-0001,0.8891,4283.0,15190.0,
PA,214607,Malvern,19355-1488,,,,
PA,214616,Hershey,17033-2360,,,,
PA,214625,New Kensington,15068-1765,0.7676,573.0,13694.0,
PA,214634,Sharon,16146-1537,0.7428,345.0,13324.0,
PA,214643,Lehman,18627-0217,0.8245,404.0,13568.0,
PA,214652,Dunmore,18512-1602,0.7792,1003.0,14460.0,
PA,214670,Center Valley,18034-8447,0.8534,823.0,14460.0,
PA,214689,Altoona,16601-3777,0.9225,3451.0,15190.0,
PA,214698,Monaca,15061-2764,0.8131,598.0,13694.0,
PA,214704,Reading,19610-1016,0.857,2635.0,15190.0,
PA,214713,Middletown,17057-4846,0.8375,4223.0,15190.0,
PA,214731,Media,19063-5522,0.8703,1366.0,14460.0,
PA,214740,DuBois,15801-2549,0.8387,497.0,13632.0,
PA,214759,Lemont Furnace,15456-1025,0.8214,649.0,13632.0,
PA,214768,Hazleton,18202-8025,0.9352,699.0,14460.0,
PA,214777,University Park,16802-1503,0.5031,40553.0,18436.0,
PA,214786,McKeesport,15132-7644,0.8187,488.0,13694.0,
PA,214795,Mont Alto,17237-9700,0.7476,759.0,13694.0,
PA,214801,Abington,19001-3918,0.8523,3674.0,14516.0,
PA,214810,Schuylkill Haven,17972-2202,0.7555,695.0,14398.0,
PA,214829,York,17403-3326,0.825,899.0,14460.0,
PA,214883,Philadelphia,19102-4699,,1381.0,15060.0,
PA,214892,Washington,15301-6822,0.9539,225.0,20000.0,
PA,214944,Bristol,19007,,315.0,,
PA,214971,Philadelphia,19102-1510,0.927,188.0,37096.0,
PA,215008,Pittsburgh,15202-2637,,79.0,,
PA,215044,King of Prussia,19406,,172.0,,
PA,215053,Lancaster,17608-0059,0.5,257.0,25000.0,
PA,215062,Philadelphia,19104-6303,0.093,10660.0,53534.0,
PA,215099,Philadelphia,19144-5497,0.5966,2669.0,39280.0,
PA,215105,Philadelphia,19102-4901,0.7404,1662.0,43100.0,
PA,215114,Langhorne,19047-2990,0.9855,757.0,26493.0,
PA,215123,Philadelphia,19131,,,,
PA,215132,Philadelphia,19104-4495,0.6076,1268.0,39994.0,
PA,215239,Philadelphia,19130-3991,,16012.0,5142.0,
PA,215266,Bradford,16701,0.5436,1296.0,13900.0,
PA,215275,Greensburg,15601-5860,0.7327,1521.0,13870.0,
PA,215284,Johnstown,15904,0.7598,2776.0,13876.0,
PA,215293,Pittsburgh,15260,0.5971,19134.0,19080.0,
PA,215309,Titusville,16354,0.6311,292.0,11788.0,
PA,215336,Beaver Falls,15010-4208,,36.0,,
PA,215381,West Mifflin,15122,,409.0,20945.0,
PA,215390,Pittsburgh,15206-3706,0.8058,209.0,,
PA,215415,Oakdale,15071,,1739.0,16817.0,
PA,215424,Pittsburgh,15206-2596,,,,
PA,215442,Pittsburgh,15222-1984,0.6486,3230.0,30130.0,
PA,215479,Pottsville,17901,,63.0,,
PA,215530,Altoona,16601-2419,,69.0,,
PA,215585,Reading,19602,,3506.0,5460.0,
PA,215594,Reading,19611,0.2679,288.0,10095.0,
PA,215619,Wyncote,19095-1898,,,,
PA,215628,Pittsburgh,15208-2594,,,,
PA,215637,Philadelphia,19104,0.9737,334.0,23550.0,
PA,215646,Broomall,19008,,339.0,,
PA,215655,Moon Township,15108-1189,0.8332,4213.0,29420.0,
PA,215682,Pittsburgh,15205-9791,,372.0,13380.0,
PA,215691,Rosemont,19010-1699,0.6961,609.0,19486.0,
PA,215743,Loretto,15940,0.7574,1676.0,35066.0,
PA,215770,Philadelphia,19131-1395,0.7718,5040.0,43880.0,
PA,215798,Latrobe,15650-2690,0.6193,1616.0,34430.0,
PA,215813,Latrobe,15650-2690,,,,
PA,215886,Frackville,17931,,35.0,,
PA,215929,Scranton,18510-4699,0.7479,3695.0,43310.0,
PA,215947,Greensburg,15601,0.7465,1659.0,34660.0,
PA,215974,Pittsburgh,15232,1.0,244.0,15315.0,
PA,215983,Sharon,16146,,12.0,24745.0,
PA,215992,Sharon,16146,0.8776,176.0,9914.0,
PA,216010,Shippensburg,17257-2299,0.8355,5464.0,12086.0,
PA,216038,Slippery Rock,16057-1383,0.7149,7539.0,10205.0,
PA,216047,Wynnewood,19096,1.0,75.0,20655.0,
PA,216074,Pittsburgh,15216,,144.0,,
PA,216083,State College,16801-4516,0.9931,414.0,16608.0,
PA,216162,Bethlehem,18015,,198.0,,
PA,216223,Stroudsburg,18360-1720,,27.0,,
PA,216278,Selinsgrove,17870-1025,0.6953,2283.0,45470.0,
PA,216287,Swarthmore,19081,0.107,1565.0,50822.0,
PA,216296,Lancaster,17602-3198,0.8893,1139.0,7830.0,
PA,216311,Philadelphia,19131,0.8444,114.0,8900.0,
PA,216339,Philadelphia,19122-6096,0.5667,29007.0,16658.0,
PA,216348,Blue Bell,19422-1257,,,,
PA,216357,Greenville,16125-2181,0.6287,736.0,30830.0,
PA,216366,Philadelphia,19107,,731.0,,
PA,216418,Erie,16506-1013,,391.0,13157.0,
PA,216427,Erie,16502-2594,,61.0,16408.0,
PA,216436,Pittsburgh,15214-3897,,144.0,16640.0,
PA,216445,Greensburg,15601-3304,,121.0,16594.0,
PA,216454,Falls Creek,15840-3333,,143.0,16646.0,
PA,216463,Ambridge,15003-2397,,,,
PA,216524,Collegeville,19426-1000,0.7821,1485.0,50360.0,
PA,216542,Phoenixville,19460-2373,0.5412,669.0,21370.0,
PA,216551,Wayne,19087-3695,,265.0,29975.0,
PA,216579,Sharon Hill,19079,,112.0,,
PA,216597,Villanova,19085-1699,0.36,6886.0,51284.0,
PA,216630,Washington,15301,,49.0,,
PA,216649,Washington,15301,,13.0,11600.0,
PA,216667,Washington,15301,0.4785,1378.0,46628.0,
PA,216694,Waynesburg,15370-1257,0.9534,1371.0,24010.0,
PA,216746,Allentown,18109-3253,,72.0,,
PA,216764,West Chester,19383,0.685,14223.0,10111.0,
PA,216773,Pittsburgh,15224,0.5769,107.0,9255.0,
PA,216782,Pittsburgh,15219-1907,,197.0,24919.0,
PA,216807,New Wilmington,16172,0.7248,1174.0,36276.0,
PA,216816,Glenside,19038,,,,
PA,216825,Youngwood,15697-1895,,4047.0,5190.0,
PA,216852,Chester,19013-5792,0.6543,3224.0,44166.0,
PA,216931,Wilkes-Barre,18766,0.7531,2379.0,34896.0,
PA,217013,Chambersburg,17201-1285,0.5877,697.0,24452.0,
PA,217040,Scranton,18505-2196,0.9167,34.0,9200.0,
PA,217059,York,17403-3651,0.699,4079.0,19430.0,
PA,217077,York,17402,,1165.0,,
PA,246071,Scranton,18508,,72.0,,
PA,248624,Uniontown,15401,,90.0,,
PA,248633,Chambersburg,17202,,88.0,,
PA,249609,Forty Fort,18704-2936,,159.0,15787.0,
PA,250027,Uniontown,15401,0.8559,237.0,9914.0,
PA,250285,Philadelphia,19114-1018,,274.0,16757.0,
PA,251075,Harrisburg,17111,,178.0,,
PA,260363,Waynesburg,15370-8281,,25.0,,
PA,261861,Mount Braddock,15465,,78.0,13170.0,
PA,365383,Wilkes Barre,18705-0699,,110.0,,
PA,366252,Williamsport,17701-5799,,5419.0,16350.0,
PA,366632,Mercer,16137,,31.0,,
PA,367431,New Castle,16101,,17.0,,
PA,368407,Canonsburg,15317,0.76,106.0,,
PA,369668,Pleasant Gap,16823,,255.0,,
PA,375939,Altoona,16602,,172.0,,
PA,375966,Willow Grove,19090,0.8,59.0,,
PA,375984,Philadelphia,19102-2701,,317.0,,
PA,383367,Altoona,16602-3616,,234.0,,
PA,385503,Scranton,18509-2903,,287.0,27246.0,
PA,406413,Monaca,15061,,39.0,,
PA,406422,Lewisburg,17837,0.9733,101.0,,
PA,407629,Erie,16509-1025,,,,
PA,408729,MEADVILLE,16335,0.7792,96.0,9914.0,
PA,414540,Philadelphia,19147,,268.0,,
PA,414911,Johnstown,15904-2949,,1014.0,5670.0,
PA,415039,Hanover,17331,,59.0,,
PA,417840,Philadelphia,19152,,83.0,,
PA,418409,York,17402-4696,,104.0,,
PA,418427,Downingtown,19335,0.5532,104.0,,
PA,418445,Reynoldsville,15851,0.7895,24.0,,
PA,418454,Johnstown,15904-2998,,189.0,,
PA,418481,Lewistown,17044-1697,0.7667,39.0,,
PA,418515,Ford City,16226,,168.0,,
PA,418524,Oil City,16301,0.625,61.0,,
PA,418533,Willow Street,17584,,422.0,,
PA,418542,Lebanon,17042,,165.0,,
PA,418560,Indiana,15701-1465,,95.0,,
PA,418588,Towanda,18848-9731,0.7619,41.0,,
PA,418603,Shippenville,16254-8975,0.7714,63.0,,
PA,418612,Hazle TWP.,18202,,19.0,,
PA,418658,West Mifflin,15122,,189.0,,
PA,419332,Monroeville,15146,,5.0,,
PA,419341,Philadelphia,19146,,46.0,12725.0,
PA,419484,Meadville,16335,,28.0,,
PA,430227,Monroeville,15146-2229,,119.0,,
PA,430908,Clearfield,16830,,64.0,,
PA,430971,Broomall,19008,1.0,43.0,,
PA,431600,Pittsburgh,15219-5166,0.8571,154.0,15315.0,
PA,438212,Pottsville,17901,,188.0,11005.0,
PA,438221,Lewisburg,17837,,265.0,11346.0,
PA,440174,Pittsburgh,15229,,65.0,,
PA,440217,Mill Creek,17060,,36.0,,
PA,441089,Blairsville,15717-1301,,499.0,,
PA,441672,Springville,18844,,66.0,,
PA,442064,Glenside,19038-4535,,,,
PA,442356,Lancaster,17601,0.6658,1532.0,27568.0,
PA,443377,Sunbury,17801,,76.0,16779.0,
PA,443395,Dickson City,18519,,5.0,9720.0,
PA,443784,Trevose,19053,,1788.0,13857.0,
PA,444103,Pittsburgh,15214-2229,,,,
PA,444307,West Mifflin,15122,,86.0,,
PA,444811,Wyncote,19095,,216.0,,
PA,445799,Exton,19341,,1311.0,,
PA,446455,Meadville,16335,,34.0,15662.0,
PA,446640,Harrisburg,17101-2208,,476.0,23900.0,
PA,446996,Chambersburg,17201,,83.0,,
PA,448691,Bethlehem,18018,,,,
PA,448770,Warminster,18974,,285.0,,
PA,448859,Bethlehem,18017,,115.0,16779.0,
PA,450605,Pittsburgh,15237,,74.0,,
PA,451495,Tannersville,18372,,27.0,,
PA,451662,Pittsburgh,15222-4332,,2936.0,17014.0,
PA,455947,Downington,19335,,99.0,,
PA,456542,Scranton,18509,,,,
PA,456579,Allentown,18109,,568.0,11180.0,
PA,457943,Somerset,15501-4309,,70.0,,
PA,457952,Allentown,18106,,168.0,,
PA,458450,Carlisle,17013,,84.0,9828.0,
PA,458830,Springfield,19064,,133.0,,
PA,460385,Lewistown,17044,0.4267,46.0,18142.0,
PA,460598,Upper Darby,19082,,578.0,,
PA,461193,Monroeville,15146-2388,,181.0,,
PA,461218,Pittsburgh,15235-3718,,159.0,,
PA,469586,York,17402-8046,,78.0,,
PA,474997,Essington,19029,,355.0,16648.0,
PA,479956,University Park,16802-1503,0.6679,8108.0,13988.0,
PA,480134,Elizabethtown,17022-2298,0.9286,328.0,,
PA,480189,North East,16428,,751.0,18450.0,
PA,481021,Leesport,19533-9112,,39.0,,
PA,482608,Ft. Washington,19034,1.0,338.0,17572.0,
PA,482927,Wilkes-Barre,18702,,125.0,11640.0,
PA,483054,Pittsburgh,15220,,78.0,,
PA,483346,Harrisburg,17110,,40.0,,
PA,483753,Lancaster,17602-3809,,37.0,,
PA,483823,Philadelphia,19138-1324,,171.0,,
PA,484783,Philadelphia,19103,,141.0,9960.0,
PA,485236,Mars,16046,,36.0,,
PA,485397,Wyncote,19095,,106.0,,
PA,485856,Philadelphia,19107-1105,1.0,36.0,12625.0,
PA,486105,Norristown,19401-0000,,8.0,,
PA,488369,Norristown,19401-5163,,46.0,,
PA,490258,Reading,19611-2040,,49.0,,
PA,20651601,Scotland,172540473,,,,
PA,21078401,Philadelphia,19115,,,,
PA,21130701,Perkasie,189440277,,,4418.0,
PA,21130702,Bristol,190070277,,,4418.0,
PA,21287801,Lancaster,176023403,,,6473.0,
PA,21287802,Gettysburg,173253403,,,6473.0,
PA,21287803,Lebanon,170425235,,,6473.0,
PA,21287804,York,174045235,,,6473.0,
PA,21429001,Pulaski,161432522,,,,
PA,21437901,Tannersville,18372,,,4230.0,
PA,21510501,Villanova,190853699,,,,
PA,21608301,Altoona,16602,,,16608.0,
PA,37593901,Altoona,166024457,,,,
PA,44378401,Springfield,19064,,,13857.0,
PA,44378403,Philadelphia,19102,,,13747.0,
PA,44378404,Trevose,19053,,,13857.0,
PA,44378405,Warrendale,15086,,,13857.0,
PA,44378406,Center Valley,18034,,,13857.0,
PA,45794301,Bedford,15522,,,,
PA,47503308,Philadelphia,191224906,,,,
PA,48305401,Ambridge,150030000,,,,
DE,130837,Lewes,19958,,59.0,,
DE,130873,Newark,19702,,108.0,,
DE,130907,Dover,19901,,12408.0,4848.0,
DE,130934,Dover,19901,0.4518,3678.0,7868.0,
DE,130943,Newark,19716,0.6289,18948.0,13160.0,
DE,130989,Wilmington,19808,0.5177,770.0,23850.0,
DE,131061,Newark,19711,,133.0,,
DE,131098,Dover,19901-3875,0.6151,1342.0,26406.0,
DE,131113,New Castle,19720,,8346.0,10940.0,
DE,432524,Wilmington,19801-3007,0.79,143.0,25710.0,
DE,441362,Wilmington,19803,,219.0,,
DE,444200,Dover,19901,,226.0,,
DE,449472,Dagsboro,19939,,39.0,,
DE,450298,Newark,19713,,267.0,13857.0,
DE,451051,Bear,19701,,95.0,,
DE,459301,Newark,19702,,103.0,,
DE,488262,Newark,19713-2305,,33.0,,
DE,13090701,Georgetown,19947,,,4848.0,
DE,13090702,Wilmington,19801,,,4848.0,
DE,47503303,Wilmington,19801,,,,
